image wrap,event logo,names,urls,start date,end date,location,,,,,,,,,,,,
https://s3.amazonaws.com/assets.mlh.io/events/splashes/000/000/392/thumb/930adc5ed398-hackmtyMLH_300x300.png?1467906271,https://s3.amazonaws.com/assets.mlh.io/events/logos/000/000/392/thumb/e722cf7c0b4d-hackmtyMLH_100x100.png?1467906270,HackMTY,http://hackmty.com/,8/27/16,8/28/16,"Monterrey, MX","""image"":","""logo"":","""name"":","""url"":","""startDate"":","""endDate"":","""location"":",{,},"""",",","{""image"":""https://s3.amazonaws.com/assets.mlh.io/events/splashes/000/000/392/thumb/930adc5ed398-hackmtyMLH_300x300.png?1467906271"",""logo"":""https://s3.amazonaws.com/assets.mlh.io/events/logos/000/000/392/thumb/e722cf7c0b4d-hackmtyMLH_100x100.png?1467906270"",""name"":""HackMTY"",""url"":""http://hackmty.com/"",""startDate"":""42609"",""endDate"":""42610"",Monterrey, MX""}"
https://s3.amazonaws.com/assets.mlh.io/events/splashes/000/000/398/thumb/1367a835fd31-mlh_splash_page.png?1469112017,https://s3.amazonaws.com/assets.mlh.io/events/logos/000/000/398/thumb/070a721adf22-rsz_brh_icon_120.png?1469112016,BigRed//Hacks,https://www.bigredhacks.com/,9/16/16,9/18/16,"Ithaca, NY","""image"":","""logo"":","""name"":","""url"":","""startDate"":","""endDate"":",,,,,,
https://s3.amazonaws.com/assets.mlh.io/events/splashes/000/000/424/thumb/1311a958833a-Image.jpg?1472047989,https://s3.amazonaws.com/assets.mlh.io/events/logos/000/000/424/thumb/6d101c86172d-logo.jpg?1472047989,Hack The North,https://hackthenorth.com/,9/16/16,9/18/16,"Waterloo, ON","""image"":","""logo"":","""name"":","""url"":","""startDate"":","""endDate"":",,,,,,
https://s3.amazonaws.com/assets.mlh.io/events/splashes/000/000/437/thumb/isu_splash.jpg?1473193348,https://s3.amazonaws.com/assets.mlh.io/events/logos/000/000/437/thumb/isu_logo.png?1473193346,HackISU,http://hackisu.org/,9/17/16,9/18/16,"Ames, IA","""image"":","""logo"":","""name"":","""url"":","""startDate"":","""endDate"":",,,,,,
https://s3.amazonaws.com/assets.mlh.io/events/splashes/000/000/395/thumb/b23e7726924a-preview_image_mlh1_01.png?1468936720,https://s3.amazonaws.com/assets.mlh.io/events/logos/000/000/395/thumb/f3f7cb7fac1a-lumohacks_icon_01.png?1468936720,lumohacks,http://lumohacks.com/,9/17/16,9/18/16,"Vancouver, BC","""image"":","""logo"":","""name"":","""url"":","""startDate"":","""endDate"":",,,,,,
https://s3.amazonaws.com/assets.mlh.io/events/splashes/000/000/408/thumb/f0de1acf2594-ramhacks_bg.jpg?1470949092,https://s3.amazonaws.com/assets.mlh.io/events/logos/000/000/408/thumb/0c2e046a2e5f-ramhacks_mlhsite.jpg?1470949092,RamHacks,http://ramhacks.vcu.edu/,9/17/16,9/18/16,"Richmond, VA","""image"":","""logo"":","""name"":","""url"":","""startDate"":","""endDate"":",,,,,,
https://s3.amazonaws.com/assets.mlh.io/events/splashes/000/000/426/thumb/14138345_953311511462952_754320351_n.jpg?1472411435,https://s3.amazonaws.com/assets.mlh.io/events/logos/000/000/426/thumb/14137714_953311434796293_1365177371_n.jpg?1472411435,HackGT,https://hackgt.com/,9/23/16,9/25/16,"Atlanta, GA","""image"":","""logo"":","""name"":","""url"":","""startDate"":","""endDate"":",,,,,,
https://s3.amazonaws.com/assets.mlh.io/events/splashes/000/000/404/thumb/53ff855d2859-MLH300x300_2.png?1470243327,https://s3.amazonaws.com/assets.mlh.io/events/logos/000/000/404/thumb/ed44a1a4e126-MLHMedhacks100px100px.png?1470243326,MedHacks,http://medhacks.org/,9/23/16,9/25/16,"Baltimore, MD","""image"":","""logo"":","""name"":","""url"":","""startDate"":","""endDate"":",,,,,,
https://s3.amazonaws.com/assets.mlh.io/events/splashes/000/000/401/thumb/13875014_10206872869395375_1352890987_n.jpg?1469805435,https://s3.amazonaws.com/assets.mlh.io/events/logos/000/000/401/thumb/13872470_10206872809913888_686774140_n.png?1469805068,HackCooper,http://hackcooper.org/,9/24/16,9/25/16,"New York, NY","""image"":","""logo"":","""name"":","""url"":","""startDate"":","""endDate"":",,,,,,
https://s3.amazonaws.com/assets.mlh.io/events/splashes/000/000/406/thumb/dab57945702f-cover__300x300_.jpg?1470339874,https://s3.amazonaws.com/assets.mlh.io/events/logos/000/000/406/thumb/6163804eb58a-logo__100x100_.jpg?1470339873,HackDartmouth III,http://hackdartmouth.io/,9/24/16,9/25/16,"Hanover, NH","""image"":","""logo"":","""name"":","""url"":","""startDate"":","""endDate"":",,,,,,
https://s3.amazonaws.com/assets.mlh.io/events/splashes/000/000/391/thumb/14f2a15b892f-geisel.jpg?1467906222,https://s3.amazonaws.com/assets.mlh.io/events/logos/000/000/391/thumb/eaba3a3c59cc-logo100x100.png?1467906222,SD Hacks,https://www.sdhacks.io/,9/30/16,10/2/16,"San Diego, CA","""image"":","""logo"":","""name"":","""url"":","""startDate"":","""endDate"":",,,,,,
https://s3.amazonaws.com/assets.mlh.io/events/splashes/000/000/399/thumb/f9de94e56110-tb_mentor_form.jpg?1469543825,https://s3.amazonaws.com/assets.mlh.io/events/logos/000/000/399/thumb/1469546240.png?1469546832,VolHacks,https://volhacks.org/,9/30/16,10/2/16,"Knoxville, TN","""image"":","""logo"":","""name"":","""url"":","""startDate"":","""endDate"":",,,,,,
https://s3.amazonaws.com/assets.mlh.io/events/splashes/000/000/449/thumb/umbc_background.png?1473691526,https://s3.amazonaws.com/assets.mlh.io/events/logos/000/000/449/thumb/umbc_badge.png?1473691526,HackUMBC,http://hackumbc.org/,10/1/16,10/2/16,"Baltimore, MD","""image"":","""logo"":","""name"":","""url"":","""startDate"":","""endDate"":",,,,,,
https://s3.amazonaws.com/assets.mlh.io/events/splashes/000/000/422/thumb/HealthHacksBannerImage.jpg?1471894024,https://s3.amazonaws.com/assets.mlh.io/events/logos/000/000/422/thumb/HealthHacks.jpg?1471894023,HealthHacks,http://healthhacks.vcu.edu/,10/1/16,10/2/16,"Richmond, VA","""image"":","""logo"":","""name"":","""url"":","""startDate"":","""endDate"":",,,,,,
https://s3.amazonaws.com/assets.mlh.io/events/splashes/000/000/421/thumb/0cfcfd51b87f-white_splash.png?1471875565,https://s3.amazonaws.com/assets.mlh.io/events/logos/000/000/421/thumb/059f02526514-th_logo_square.png?1471875564,TAMUhack,http://tamuhack.com/,10/1/16,10/2/16,"College Station, TX","""image"":","""logo"":","""name"":","""url"":","""startDate"":","""endDate"":",,,,,,
https://s3.amazonaws.com/assets.mlh.io/events/splashes/000/000/393/thumb/whack-splash.jpg?1467907132,https://s3.amazonaws.com/assets.mlh.io/events/logos/000/000/393/thumb/efebd56556cb-whacklogo.png?1467907131,WHACK,http://wellesleyhacks.org/,10/1/16,10/2/16,"Wellesley, MA","""image"":","""logo"":","""name"":","""url"":","""startDate"":","""endDate"":",,,,,,
https://s3.amazonaws.com/assets.mlh.io/events/splashes/000/000/423/thumb/hackumass-background-typeform.png?1471917471,https://s3.amazonaws.com/assets.mlh.io/events/logos/000/000/423/thumb/hackumass-logo-typeform.png?1471917470,HackUMass IV,http://hackumass.com/,10/7/16,10/9/16,"Amherst, MA","""image"":","""logo"":","""name"":","""url"":","""startDate"":","""endDate"":",,,,,,
https://s3.amazonaws.com/assets.mlh.io/events/splashes/000/000/456/thumb/c2cf7c10e1bf-mlh_Logo_1_02.png?1474023837,https://s3.amazonaws.com/assets.mlh.io/events/logos/000/000/456/thumb/305a42a0cb59-mlh_Logo_1_01.png?1474023836,HackUState,https://hackustate.org/#/?_k=o9xwux,10/7/16,10/8/16,"Logan, UT","""image"":","""logo"":","""name"":","""url"":","""startDate"":","""endDate"":",,,,,,
https://s3.amazonaws.com/assets.mlh.io/events/splashes/000/000/414/thumb/khe_splash.png?1471555384,https://s3.amazonaws.com/assets.mlh.io/events/logos/000/000/414/thumb/khe_logo.png?1471555384,Kent Hack Enough,https://khe.io/,10/7/16,10/9/16,"Kent, OH","""image"":","""logo"":","""name"":","""url"":","""startDate"":","""endDate"":",,,,,,
https://s3.amazonaws.com/assets.mlh.io/events/splashes/000/000/430/thumb/14164153_10208609204440259_1997921231_o.png?1472590104,https://s3.amazonaws.com/assets.mlh.io/events/logos/000/000/430/thumb/e9875b49adc1-pp_02.png?1472590104,MHacks 8,https://mhacks.org/,10/7/16,10/9/16,"Detroit, MI","""image"":","""logo"":","""name"":","""url"":","""startDate"":","""endDate"":",,,,,,
https://s3.amazonaws.com/assets.mlh.io/events/splashes/000/000/444/thumb/79cb19708411-hackny_mlh_splash.jpg?1473343047,https://s3.amazonaws.com/assets.mlh.io/events/logos/000/000/444/thumb/6e94d2308d9e-hackNY_Square_Red_Logo100px.png?1473343046,hackNY,http://hackny.org/hackathon/,10/8/16,10/9/16,"New York, NY","""image"":","""logo"":","""name"":","""url"":","""startDate"":","""endDate"":",,,,,,
https://s3.amazonaws.com/assets.mlh.io/events/splashes/000/000/440/thumb/40fd1d387eff-image10.png?1473254801,https://s3.amazonaws.com/assets.mlh.io/events/logos/000/000/440/thumb/3b9b9114a087-mlhrevuc100.png?1473254800,RevolutionUC,https://revolutionuc.com/,10/8/16,10/9/16,"Cincinnati, OH","""image"":","""logo"":","""name"":","""url"":","""startDate"":","""endDate"":",,,,,,
https://s3.amazonaws.com/assets.mlh.io/events/splashes/000/000/413/thumb/splash.png?1471546339,https://s3.amazonaws.com/assets.mlh.io/events/logos/000/000/413/thumb/logo.png?1471546339,HackRice,http://hack.rice.edu/,10/14/16,10/16/16,"Houston, TX","""image"":","""logo"":","""name"":","""url"":","""startDate"":","""endDate"":",,,,,,
https://s3.amazonaws.com/assets.mlh.io/events/splashes/000/000/447/thumb/14248141_10154451948340883_1549752554_o.png?1473430083,https://s3.amazonaws.com/assets.mlh.io/events/logos/000/000/447/thumb/106b948e212e-mlh_02.png?1473429735,Hack Western 3,https://hackwestern.com/,10/14/16,10/16/16,"London, ON","""image"":","""logo"":","""name"":","""url"":","""startDate"":","""endDate"":",,,,,,
https://s3.amazonaws.com/assets.mlh.io/events/splashes/000/000/400/thumb/d549896a71da-presplash_Cropped.jpg?1469638363,https://s3.amazonaws.com/assets.mlh.io/events/logos/000/000/400/thumb/logo.jpg?1469638362,QuackCon,http://www.quackcon.com/,10/14/16,10/16/16,"Eugene, OR","""image"":","""logo"":","""name"":","""url"":","""startDate"":","""endDate"":",,,,,,
https://s3.amazonaws.com/assets.mlh.io/events/splashes/000/000/425/thumb/b1ad9477de7d-background_300px.png?1472048405,https://s3.amazonaws.com/assets.mlh.io/events/logos/000/000/425/thumb/4164fddbdfe2-logo_100px.png?1472048405,DubHacks,http://16f.dubhacks.co/,10/15/16,10/16/16,"Seattle, WA","""image"":","""logo"":","""name"":","""url"":","""startDate"":","""endDate"":",,,,,,
https://s3.amazonaws.com/assets.mlh.io/events/splashes/000/000/458/thumb/glasshacks_background.jpg?1474387061,https://s3.amazonaws.com/assets.mlh.io/events/logos/000/000/458/thumb/glasshacks_logo.png?1474387061,GlassHacks,http://glasshacks.net/,10/15/16,10/16/16,"Toledo, OH","""image"":","""logo"":","""name"":","""url"":","""startDate"":","""endDate"":",,,,,,
https://s3.amazonaws.com/assets.mlh.io/events/splashes/000/000/469/thumb/67937bbab804-forest300x300.png?1475160513,https://s3.amazonaws.com/assets.mlh.io/events/logos/000/000/469/thumb/10404c61651b-HackMizzou100x100.png?1475160513,HackMizzou,http://hackmizzou.com,10/15/16,10/16/16,"Columbia, MO","""image"":","""logo"":","""name"":","""url"":","""startDate"":","""endDate"":",,,,,,
https://s3.amazonaws.com/assets.mlh.io/events/splashes/000/000/405/thumb/e2bc574afde4-mlh_background.png?1470327124,https://s3.amazonaws.com/assets.mlh.io/events/logos/000/000/405/thumb/957e26d8c0e8-hackriddle_circle_small.png?1470327124,HackRiddle,http://hackriddle.com/,10/15/16,10/16/16,"Daytona Beach, FL","""image"":","""logo"":","""name"":","""url"":","""startDate"":","""endDate"":",,,,,,
https://s3.amazonaws.com/assets.mlh.io/events/splashes/000/000/429/thumb/0a498ee1cb29-MLH_Season_Splash_Background.png?1472576356,https://s3.amazonaws.com/assets.mlh.io/events/logos/000/000/429/thumb/132e9a0d9888-MLH_Season_Splash_Logo.png?1472576355,Citrus Hack,http://www.citrushack.com/,10/21/16,10/23/16,"Riverside, CA","""image"":","""logo"":","""name"":","""url"":","""startDate"":","""endDate"":",,,,,,
https://s3.amazonaws.com/assets.mlh.io/events/splashes/000/000/427/thumb/centennial.jpg?1472481392,https://s3.amazonaws.com/assets.mlh.io/events/logos/000/000/427/thumb/2dfff3ffdf87-100x100_Georgia_State_Panthers_Logo.png?1472481302,HackGSU,http://hackgsu.com/,10/21/16,10/23/16,"Atlanta, GA","""image"":","""logo"":","""name"":","""url"":","""startDate"":","""endDate"":",,,,,,
https://s3.amazonaws.com/assets.mlh.io/events/splashes/000/000/411/thumb/background.png?1471537691,https://s3.amazonaws.com/assets.mlh.io/events/logos/000/000/411/thumb/logo.jpg?1471537691,HackHarvard,http://hackharvard.io/,10/21/16,10/23/16,"Cambridge, MA","""image"":","""logo"":","""name"":","""url"":","""startDate"":","""endDate"":",,,,,,
https://s3.amazonaws.com/assets.mlh.io/events/splashes/000/000/463/thumb/hophacks_splash.png?1474986228,https://s3.amazonaws.com/assets.mlh.io/events/logos/000/000/463/thumb/hophacks_logo.png?1474986228,HopHacks,https://hophacks.com/,10/21/16,10/23/16,"Baltimore, MD","""image"":","""logo"":","""name"":","""url"":","""startDate"":","""endDate"":",,,,,,
https://s3.amazonaws.com/assets.mlh.io/events/splashes/000/000/407/thumb/865e0207fbcf-Yorktowne.png?1470930630,https://s3.amazonaws.com/assets.mlh.io/events/logos/000/000/407/thumb/110d11e4cb96-Fountain_ico.png?1470930629,YCP Hacks,http://www.ycphacks.io/,10/21/16,10/23/16,"York, PA","""image"":","""logo"":","""name"":","""url"":","""startDate"":","""endDate"":",,,,,,
https://s3.amazonaws.com/assets.mlh.io/events/splashes/000/000/457/thumb/f18536e9f928-4549221_circuit_board.jpg?1474386712,https://s3.amazonaws.com/assets.mlh.io/events/logos/000/000/457/thumb/116838fdfd64-Screen_Shot_2016_09_14_at_4.31.38_PM.png?1474386712,BioHackLA,http://www.calstatelabusiness.com/biohacklaland,10/22/16,10/23/16,"Los Angeles, LA","""image"":","""logo"":","""name"":","""url"":","""startDate"":","""endDate"":",,,,,,
https://s3.amazonaws.com/assets.mlh.io/events/splashes/000/000/439/thumb/fiskhacks_splash.png?1473198481,https://s3.amazonaws.com/assets.mlh.io/events/logos/000/000/439/thumb/fiskhacks_logo.png?1473198480,FiskHacks,http://fiskhacks.org/,10/22/16,10/23/16,"Nashville, TN","""image"":","""logo"":","""name"":","""url"":","""startDate"":","""endDate"":",,,,,,
https://s3.amazonaws.com/assets.mlh.io/events/splashes/000/000/428/thumb/e76566a3cd2b-splash_image_HackRU.png?1472493591,https://s3.amazonaws.com/assets.mlh.io/events/logos/000/000/428/thumb/3b9064ba3d90-logo_HackRU.png?1472493590,HackRU,http://www.hackru.org/,10/22/16,10/23/16,"New Brunswick, NJ","""image"":","""logo"":","""name"":","""url"":","""startDate"":","""endDate"":",,,,,,
https://s3.amazonaws.com/assets.mlh.io/events/splashes/000/000/445/thumb/abb3bfbc7fc9-dontmesswithaustintexasweb.jpg?1473343316,https://s3.amazonaws.com/assets.mlh.io/events/logos/000/000/445/thumb/unnamed.png?1473384027,HackTX,https://hacktx.com/,10/22/16,10/23/16,"Austin, TX","""image"":","""logo"":","""name"":","""url"":","""startDate"":","""endDate"":",,,,,,
https://s3.amazonaws.com/assets.mlh.io/events/splashes/000/000/409/thumb/cc22c39127b3-Splash2.jpg?1471014416,https://s3.amazonaws.com/assets.mlh.io/events/logos/000/000/409/thumb/86d1a7e8f343-MIAGameJamLogo100x100.jpg?1471014416,MIA Game Jam,http://www.miagamejam.com/,10/22/16,10/23/16,"Miami, FL","""image"":","""logo"":","""name"":","""url"":","""startDate"":","""endDate"":",,,,,,
https://s3.amazonaws.com/assets.mlh.io/events/splashes/000/000/489/thumb/5e9397fb06e2-12744061_997026657047213_8119146837550134855_n_2.jpg?1477339730,https://s3.amazonaws.com/assets.mlh.io/events/logos/000/000/489/thumb/a00183c4cc7c-final2.png?1477339729,HackBajio,http://karenina23dic.wixsite.com/e-gov,10/28/16,10/30/16,"Leon, MX","""image"":","""logo"":","""name"":","""url"":","""startDate"":","""endDate"":",,,,,,
https://s3.amazonaws.com/assets.mlh.io/events/splashes/000/000/461/thumb/unnamed.jpg?1474474112,https://s3.amazonaws.com/assets.mlh.io/events/logos/000/000/461/thumb/db6e1ef4431b-hackathon_logo_300px.jpg?1474474111,hackMarist,https://hackmarist.com/,10/28/16,10/30/16,"Poughkeepsie, NY","""image"":","""logo"":","""name"":","""url"":","""startDate"":","""endDate"":",,,,,,
https://s3.amazonaws.com/assets.mlh.io/events/splashes/000/000/432/thumb/ad14916e6e95-hacknc_splash.jpg?1472851570,https://s3.amazonaws.com/assets.mlh.io/events/logos/000/000/432/thumb/a106343390b1-hacknc_logo.png?1472851570,HackNC,https://hacknc.com/,10/28/16,10/30/16,"Chapel Hill, NC","""image"":","""logo"":","""name"":","""url"":","""startDate"":","""endDate"":",,,,,,
https://s3.amazonaws.com/assets.mlh.io/events/splashes/000/000/410/thumb/codered_square.jpg?1471358524,https://s3.amazonaws.com/assets.mlh.io/events/logos/000/000/410/thumb/codered_logo.jpg?1471358524,CodeRED Curiosity,https://uhcode.red/,10/29/16,10/30/16,"Houston, TX","""image"":","""logo"":","""name"":","""url"":","""startDate"":","""endDate"":",,,,,,
https://s3.amazonaws.com/assets.mlh.io/events/splashes/000/000/464/thumb/invent_yu_splash.png?1474987046,https://s3.amazonaws.com/assets.mlh.io/events/logos/000/000/464/thumb/invent_yu_logo.png?1474987046,Invent:YU,https://inventyu.com/,10/29/16,10/30/16,"New York, NY","""image"":","""logo"":","""name"":","""url"":","""startDate"":","""endDate"":",,,,,,
https://s3.amazonaws.com/assets.mlh.io/events/splashes/000/000/394/thumb/3cc95e0f87ba-MLH_ArchHacks_Splash_Image.jpg?1468513253,https://s3.amazonaws.com/assets.mlh.io/events/logos/000/000/394/thumb/d804ade10677-MLH_ArchHacks_Logo.jpg?1468513253,ArchHacks,http://archhacks.io/,11/4/16,11/6/16,"St Louis, MO","""image"":","""logo"":","""name"":","""url"":","""startDate"":","""endDate"":",,,,,,
https://s3.amazonaws.com/assets.mlh.io/events/splashes/000/000/402/thumb/trent-mlh-background.png?1470065543,https://s3.amazonaws.com/assets.mlh.io/events/logos/000/000/402/thumb/unnamed.png?1470066337,Electric City Hacks,http://2016.echacks.xyz/,11/4/16,11/6/16,"Peterborough, ON","""image"":","""logo"":","""name"":","""url"":","""startDate"":","""endDate"":",,,,,,
https://s3.amazonaws.com/assets.mlh.io/events/splashes/000/000/479/thumb/slider7.jpg?1476117423,https://s3.amazonaws.com/assets.mlh.io/events/logos/000/000/479/thumb/e1ce919a562d-logo_hackcoparmex_300x300.png?1476117422,HackathonCOPARMEX,http://hackathoncoparmex.mx/,11/4/16,11/5/16,"Cuernavaca, MX","""image"":","""logo"":","""name"":","""url"":","""startDate"":","""endDate"":",,,,,,
https://s3.amazonaws.com/assets.mlh.io/events/splashes/000/000/443/thumb/hack_holyoke_logo.jpg?1473281782,https://s3.amazonaws.com/assets.mlh.io/events/logos/000/000/443/thumb/hack_holyoke_splash.png?1473281780,HackHolyoke,http://www.hackholyoke.com/,11/4/16,11/5/16,"South Hadley, MA","""image"":","""logo"":","""name"":","""url"":","""startDate"":","""endDate"":",,,,,,
https://s3.amazonaws.com/assets.mlh.io/events/splashes/000/000/435/thumb/1b0c0a537195-MLHSplash.png?1473063426,https://s3.amazonaws.com/assets.mlh.io/events/logos/000/000/435/thumb/ecf5a34a5f58-bulldog.png?1473063425,Hoya Hacks,http://www.hoyahacks.com/,11/4/16,11/6/16,"Washington, DC","""image"":","""logo"":","""name"":","""url"":","""startDate"":","""endDate"":",,,,,,
https://s3.amazonaws.com/assets.mlh.io/events/splashes/000/000/481/thumb/3359ab02e01c-UGAHACKS_SPLASH_MLH_300x300.png?1476215791,https://s3.amazonaws.com/assets.mlh.io/events/logos/000/000/481/thumb/7eb8454090f1-UGAHACKS_LOGO_MLH_100x100.png?1476215790,UGA Hacks,http://www.ugahacks.com/,11/4/16,11/6/16,"Athens, GA","""image"":","""logo"":","""name"":","""url"":","""startDate"":","""endDate"":",,,,,,
https://s3.amazonaws.com/assets.mlh.io/events/splashes/000/000/436/thumb/Hack_AE_Splash.jpg?1473181809,https://s3.amazonaws.com/assets.mlh.io/events/logos/000/000/436/thumb/Hack_AE_Logo.png?1473181808,Hack AE,http://theaeac.org/events/hackae/,11/5/16,11/6/16,"Binghamton, NY","""image"":","""logo"":","""name"":","""url"":","""startDate"":","""endDate"":",,,,,,
https://s3.amazonaws.com/assets.mlh.io/events/splashes/000/000/455/thumb/photo.jpg?1473884805,https://s3.amazonaws.com/assets.mlh.io/events/logos/000/000/455/thumb/228400a0fe4a-HackNJITAvatar100.jpeg?1473884805,HackNJIT,http://hacknjit.org/,11/5/16,11/6/16,"Newark, NJ","""image"":","""logo"":","""name"":","""url"":","""startDate"":","""endDate"":",,,,,,
https://s3.amazonaws.com/assets.mlh.io/events/splashes/000/000/442/thumb/hack_the_hill_splash.jpg?1473267090,https://s3.amazonaws.com/assets.mlh.io/events/logos/000/000/442/thumb/hack_the_hill_logo.png?1473267090,Hack The Hill,http://hackthehill.io/,11/5/16,11/6/16,"Bowling Green, KY","""image"":","""logo"":","""name"":","""url"":","""startDate"":","""endDate"":",,,,,,
https://s3.amazonaws.com/assets.mlh.io/events/splashes/000/000/403/thumb/16-HSC-0621-RB-07_640x320.jpg?1470150617,https://s3.amazonaws.com/assets.mlh.io/events/logos/000/000/403/thumb/59fffd1d727a-black_paw.png?1470150616,Huskie Hack 2016,http://www.huskiehack.org/,11/5/16,11/6/16,"DeKalb, IL","""image"":","""logo"":","""name"":","""url"":","""startDate"":","""endDate"":",,,,,,
https://s3.amazonaws.com/assets.mlh.io/events/splashes/000/000/451/thumb/technica_splash.png?1473775071,https://s3.amazonaws.com/assets.mlh.io/events/logos/000/000/451/thumb/technica_logo.png?1473775071,Technica,http://gotechnica.org/,11/5/16,11/6/16,"College Park, MD","""image"":","""logo"":","""name"":","""url"":","""startDate"":","""endDate"":",,,,,,
https://s3.amazonaws.com/assets.mlh.io/events/splashes/000/000/476/thumb/9e41796b1aba-new.jpg?1475981175,https://s3.amazonaws.com/assets.mlh.io/events/logos/000/000/476/thumb/dcb8252d8075-14627821_1301373256574601_541012331_n.jpg?1475981174,GunnHacks,https://gunnhacks.com/,11/11/16,11/13/16,"Palo Alto, CA","""image"":","""logo"":","""name"":","""url"":","""startDate"":","""endDate"":",,,,,,
https://s3.amazonaws.com/assets.mlh.io/events/splashes/000/000/462/thumb/hackital_background.png?1474558385,https://s3.amazonaws.com/assets.mlh.io/events/logos/000/000/462/thumb/hackital-1.png?1474570367,Hackital,http://www.hackital.com/,11/11/16,11/13/16,"Washington, DC","""image"":","""logo"":","""name"":","""url"":","""startDate"":","""endDate"":",,,,,,
https://s3.amazonaws.com/assets.mlh.io/events/splashes/000/000/486/thumb/c67c303556d0-MLH_Splash.jpg?1476892864,https://s3.amazonaws.com/assets.mlh.io/events/logos/000/000/486/thumb/b4bfcf98938b-MLH_Logo.png?1476892863,Hack K-State,https://hack.k-state.io/,11/11/16,11/13/16,"Manhattan, KS","""image"":","""logo"":","""name"":","""url"":","""startDate"":","""endDate"":",,,,,,
https://s3.amazonaws.com/assets.mlh.io/events/splashes/000/000/470/thumb/8bccbc46b394-300x300.png?1475456073,https://s3.amazonaws.com/assets.mlh.io/events/logos/000/000/470/thumb/65de84f9b0ef-100x100.png?1475456073,HackPrinceton,https://hackprinceton.com/,11/11/16,11/13/16,"Princeton, NJ","""image"":","""logo"":","""name"":","""url"":","""startDate"":","""endDate"":",,,,,,
https://s3.amazonaws.com/assets.mlh.io/events/splashes/000/000/453/thumb/69ed1b254613-exterior_rendering_small.jpg?1473802264,https://s3.amazonaws.com/assets.mlh.io/events/logos/000/000/453/thumb/df6c0d60df48-HackULogoWhite.png?1473802263,HackTheU,http://hacktheu.com/,11/11/16,11/12/16,"Salt Lake City, UT","""image"":","""logo"":","""name"":","""url"":","""startDate"":","""endDate"":",,,,,,
https://s3.amazonaws.com/assets.mlh.io/events/splashes/000/000/467/thumb/52d431a3dbc4-Splash.png?1475074427,https://s3.amazonaws.com/assets.mlh.io/events/logos/000/000/467/thumb/227417dc524c-Logo.jpg?1475074426,VandyHacks,http://www.vandyhacks.org/,11/11/16,11/13/16,"Nashville, TN","""image"":","""logo"":","""name"":","""url"":","""startDate"":","""endDate"":",,,,,,
https://s3.amazonaws.com/assets.mlh.io/events/splashes/000/000/446/thumb/4fe2f305a771-hackpsuSPLASH.png?1473344393,https://s3.amazonaws.com/assets.mlh.io/events/logos/000/000/446/thumb/f80f0c13c6d3-hackpsulogo100x100.png?1473344393,HackPSU,http://hackpsu.org/,11/12/16,11/13/16,"State College, PA","""image"":","""logo"":","""name"":","""url"":","""startDate"":","""endDate"":",,,,,,
https://s3.amazonaws.com/assets.mlh.io/events/splashes/000/000/438/thumb/hackrpi_background.png?1473198270,https://s3.amazonaws.com/assets.mlh.io/events/logos/000/000/438/thumb/hackrpi_logo.png?1473198270,HackRPI,https://hackrpi.com/,11/12/16,11/13/16,"Troy, NY","""image"":","""logo"":","""name"":","""url"":","""startDate"":","""endDate"":",,,,,,
https://s3.amazonaws.com/assets.mlh.io/events/splashes/000/000/454/thumb/mlh-wesbite-splash-2.jpg?1473862926,https://s3.amazonaws.com/assets.mlh.io/events/logos/000/000/454/thumb/mlh-wesbite-logo.jpg?1473862925,MLH Prime: Southwest,https://prime.mlh.io/events/southwest-regional/,11/12/16,11/13/16,"Austin, TX","""image"":","""logo"":","""name"":","""url"":","""startDate"":","""endDate"":",,,,,,
https://s3.amazonaws.com/assets.mlh.io/events/splashes/000/000/450/thumb/212ff59d0b78-300_x_300.png?1473692103,https://s3.amazonaws.com/assets.mlh.io/events/logos/000/000/450/thumb/03d43fb9de2b-100_x_100.png?1473692103,MxHacks IV,https://mxhacks.mx/#/,11/12/16,11/13/16,"Santa Fe, MX","""image"":","""logo"":","""name"":","""url"":","""startDate"":","""endDate"":",,,,,,
https://s3.amazonaws.com/assets.mlh.io/events/splashes/000/000/448/thumb/screencapture-tecmihacks-1473444565042.png?1473444655,https://s3.amazonaws.com/assets.mlh.io/events/logos/000/000/448/thumb/327ca58050fb-tecmihacks_emblem.png?1473444655,TecmiHacks,http://www.tecmihacks.com/,11/12/16,11/13/16,"Monterrey, MX","""image"":","""logo"":","""name"":","""url"":","""startDate"":","""endDate"":",,,,,,
https://s3.amazonaws.com/assets.mlh.io/events/splashes/000/000/433/thumb/d35a80928d40-mlh.png?1472967957,https://s3.amazonaws.com/assets.mlh.io/events/logos/000/000/433/thumb/cb3140616b7b-Artboard_1.png?1472967957,WildHacks,http://wildhacks.org/,11/18/16,11/20/16,"Evanston, IL","""image"":","""logo"":","""name"":","""url"":","""startDate"":","""endDate"":",,,,,,
https://s3.amazonaws.com/assets.mlh.io/events/splashes/000/000/527/thumb/def300.png?1478290702,https://s3.amazonaws.com/assets.mlh.io/events/logos/000/000/527/thumb/def100.png?1478290702,Def Hacks() NY,http://defhacks.xyz/ny.html,11/19/16,11/20/16,"New York, NY","""image"":","""logo"":","""name"":","""url"":","""startDate"":","""endDate"":",,,,,,
https://s3.amazonaws.com/assets.mlh.io/events/splashes/000/000/468/thumb/79ea9123b5d3-duke.png?1475160234,https://s3.amazonaws.com/assets.mlh.io/events/logos/000/000/468/thumb/46eb3dd679b3-banner.png?1475160233,HackDuke: Code For Good,https://www.hackduke.org/,11/19/16,11/20/16,"Durham, NC","""image"":","""logo"":","""name"":","""url"":","""startDate"":","""endDate"":",,,,,,
https://s3.amazonaws.com/assets.mlh.io/events/splashes/000/000/493/thumb/14958115_618055635033957_1798768685_o.jpg?1478097768,https://s3.amazonaws.com/assets.mlh.io/events/logos/000/000/493/thumb/d25b54c93042-14666191_612127508960103_2810422723297829197_n.jpg?1478097767,The Lady Hacks,http://theladyhacks.com/,11/19/16,11/20/16,"Toronto, ON","""image"":","""logo"":","""name"":","""url"":","""startDate"":","""endDate"":",,,,,,
https://s3.amazonaws.com/assets.mlh.io/events/splashes/000/000/537/thumb/unam_splash.jpg?1479402907,https://s3.amazonaws.com/assets.mlh.io/events/logos/000/000/537/thumb/unam_logo.png?1479402907,Creative Hack,https://gdgunam.com/hack,12/2/16,12/3/16,"Nezahualc_yotl, MX","""image"":","""logo"":","""name"":","""url"":","""startDate"":","""endDate"":",,,,,,
https://s3.amazonaws.com/assets.mlh.io/events/splashes/000/000/485/thumb/intro-bg.jpg?1476729835,https://s3.amazonaws.com/assets.mlh.io/events/logos/000/000/485/thumb/de299a57c7a0-lehighhacks_logo_300.png?1476729835,LehighHacks,http://www.lehighhacks.com/,12/2/16,12/3/16,"Bethlehem, PA","""image"":","""logo"":","""name"":","""url"":","""startDate"":","""endDate"":",,,,,,
https://s3.amazonaws.com/assets.mlh.io/events/splashes/000/000/396/thumb/lhd-back.png?1468939342,https://s3.amazonaws.com/assets.mlh.io/events/logos/000/000/396/thumb/lhd_front.png?1468939341,Local Hack Day,https://localhackday.mlh.io/,12/3/16,12/3/16,"Everywhere, Worldwide","""image"":","""logo"":","""name"":","""url"":","""startDate"":","""endDate"":",,,,,,
https://s3.amazonaws.com/assets.mlh.io/events/splashes/000/000/556/thumb/hack_the_valley_splash.png?1481580684,https://s3.amazonaws.com/assets.mlh.io/events/logos/000/000/556/thumb/hack_the_valley_logo.png?1481580683,Hack the Valley,https://www.hackvalley.com/,1/7/17,1/8/17,"Toronto, ON","""image"":","""logo"":","""name"":","""url"":","""startDate"":","""endDate"":",,,,,,
https://s3.amazonaws.com/assets.mlh.io/events/splashes/000/000/539/thumb/hack_arizona_splash.jpg?1479487969,https://s3.amazonaws.com/assets.mlh.io/events/logos/000/000/539/thumb/hack_arizona_logo.jpg?1479487969,Hack Arizona,http://hackarizona.org/,1/13/17,1/15/17,"Tucson, AZ","""image"":","""logo"":","""name"":","""url"":","""startDate"":","""endDate"":",,,,,,
https://s3.amazonaws.com/assets.mlh.io/events/splashes/000/000/550/thumb/wpi_splash.jpg?1480732070,https://s3.amazonaws.com/assets.mlh.io/events/logos/000/000/550/thumb/wpi_logo.png?1480732070,[email÷protected],http://hack.wpi.edu/,1/13/17,1/15/17,"Worcester, MA","""image"":","""logo"":","""name"":","""url"":","""startDate"":","""endDate"":",,,,,,
https://s3.amazonaws.com/assets.mlh.io/events/splashes/000/000/567/thumb/defhacks_splash.jpg?1482338138,https://s3.amazonaws.com/assets.mlh.io/events/logos/000/000/567/thumb/defhacks_logo.jpg?1482338138,Def Hacks Seattle,http://defhacks.io/seattle.html,1/14/17,1/15/17,"Seattle, WA","""image"":","""logo"":","""name"":","""url"":","""startDate"":","""endDate"":",,,,,,
https://s3.amazonaws.com/assets.mlh.io/events/splashes/000/000/494/thumb/-tb0423m.jpg20140424.jpg?1478114449,https://s3.amazonaws.com/assets.mlh.io/events/logos/000/000/494/thumb/895c27aea871-HACKFREE_300X300.png?1478114448,HackFRee,http://hackfree.info/,1/14/17,1/15/17,"Manalapan, NJ","""image"":","""logo"":","""name"":","""url"":","""startDate"":","""endDate"":",,,,,,
https://s3.amazonaws.com/assets.mlh.io/events/splashes/000/000/475/thumb/66ae97867ceb-mlh_300x300.png?1475968961,https://s3.amazonaws.com/assets.mlh.io/events/logos/000/000/475/thumb/0fbdfaa86f1a-100x100.jpg?1475968961,_n__mm_n HaÇks,http://uncommonhacks.com/,1/14/17,1/15/17,"Chicago, IL","""image"":","""logo"":","""name"":","""url"":","""startDate"":","""endDate"":",,,,,,
https://s3.amazonaws.com/assets.mlh.io/events/splashes/000/000/577/thumb/c135bcebaba8-mlh_cover.png?1483544000,https://s3.amazonaws.com/assets.mlh.io/events/logos/000/000/577/thumb/44345b9e9ddb-logo_s17.png?1483543999,Boilermake,https://boilermake.org/,1/20/17,1/22/17,"West Lafayette, IN","""image"":","""logo"":","""name"":","""url"":","""startDate"":","""endDate"":",,,,,,
https://s3.amazonaws.com/assets.mlh.io/events/splashes/000/000/542/thumb/ucsc_back.jpeg?1479854062,https://s3.amazonaws.com/assets.mlh.io/events/logos/000/000/542/thumb/ucsc_logo.jpg?1479854062,Hack UCSC,http://www.hackucsc.com/,1/20/17,1/22/17,"Santa Cruz, CA","""image"":","""logo"":","""name"":","""url"":","""startDate"":","""endDate"":",,,,,,
https://s3.amazonaws.com/assets.mlh.io/events/splashes/000/000/492/thumb/f62b8e1185de-cover_mlh.png?1478048314,https://s3.amazonaws.com/assets.mlh.io/events/logos/000/000/492/thumb/3847ca6fd027-pro_mlh2.png?1478048313,SB Hacks,http://www.sbhacks.com/,1/20/17,1/22/17,"Santa Barbara, CA","""image"":","""logo"":","""name"":","""url"":","""startDate"":","""endDate"":",,,,,,
https://s3.amazonaws.com/assets.mlh.io/events/splashes/000/000/529/thumb/sparta_splash.png?1479237472,https://s3.amazonaws.com/assets.mlh.io/events/logos/000/000/529/thumb/sparta_logo.png?1479237472,SpartaHack 2017,http://www.spartahack.com/,1/20/17,1/22/17,"East Lansing, MI","""image"":","""logo"":","""name"":","""url"":","""startDate"":","""endDate"":",,,,,,
https://s3.amazonaws.com/assets.mlh.io/events/splashes/000/000/555/thumb/SHSocialMedia_splash.png?1481319554,https://s3.amazonaws.com/assets.mlh.io/events/logos/000/000/555/thumb/f2de0560f428-SHSocialMedia_profile.png?1481310502,SwampHacks,http://2017.swamphacks.com/,1/20/17,1/22/17,"Gainesville, FL","""image"":","""logo"":","""name"":","""url"":","""startDate"":","""endDate"":",,,,,,
https://s3.amazonaws.com/assets.mlh.io/events/splashes/000/000/545/thumb/45480544e69a-300.png?1480363233,https://s3.amazonaws.com/assets.mlh.io/events/logos/000/000/545/thumb/144644d26a1f-100.png?1480363233,UofTHacks,https://uofthacks.com/,1/20/17,1/22/17,"Toronto, ON","""image"":","""logo"":","""name"":","""url"":","""startDate"":","""endDate"":",,,,,,
https://s3.amazonaws.com/assets.mlh.io/events/splashes/000/000/530/thumb/conu_splash.png?1479238162,https://s3.amazonaws.com/assets.mlh.io/events/logos/000/000/530/thumb/conu_logo.png?1479238162,ConUHacks,http://conuhacks.io/,1/21/17,1/22/17,"Montreal, QC","""image"":","""logo"":","""name"":","""url"":","""startDate"":","""endDate"":",,,,,,
https://s3.amazonaws.com/assets.mlh.io/events/splashes/000/000/535/thumb/hackdavis_splash.png?1479316986,https://s3.amazonaws.com/assets.mlh.io/events/logos/000/000/535/thumb/hackdavis_logo.png?1479316986,HackDavis,https://hackdavis.io/,1/21/17,1/22/17,"Davis, CA","""image"":","""logo"":","""name"":","""url"":","""startDate"":","""endDate"":",,,,,,
https://s3.amazonaws.com/assets.mlh.io/events/splashes/000/000/562/thumb/fashion_logo_background.png?1481663941,https://s3.amazonaws.com/assets.mlh.io/events/logos/000/000/562/thumb/fashion_logo.png?1481663941,Fashion/Tech Hackathon,http://www.fashiontechhackathon.com/,1/27/17,1/29/17,"Kent, OH","""image"":","""logo"":","""name"":","""url"":","""startDate"":","""endDate"":",,,,,,
https://s3.amazonaws.com/assets.mlh.io/events/splashes/000/000/549/thumb/deltahacks_splash.png?1480731660,https://s3.amazonaws.com/assets.mlh.io/events/logos/000/000/549/thumb/delta_hacks_logo.png?1480731660,DeltaHacks,http://deltahacks.com/,1/28/17,1/29/17,"Hamilton, ON","""image"":","""logo"":","""name"":","""url"":","""startDate"":","""endDate"":",,,,,,
https://s3.amazonaws.com/assets.mlh.io/events/splashes/000/000/559/thumb/devilhack_splash.jpg?1481582397,https://s3.amazonaws.com/assets.mlh.io/events/logos/000/000/559/thumb/devil_hack_logo.jpg?1481582397,Devil Hack,http://www.warrentownshiphs.portal.rschooltoday.com/page/3904,1/28/17,1/29/17,"Gurnee, IL","""image"":","""logo"":","""name"":","""url"":","""startDate"":","""endDate"":",,,,,,
https://s3.amazonaws.com/assets.mlh.io/events/splashes/000/000/563/thumb/1e2233cbf3c5-300x300_mlh.jpg?1481826751,https://s3.amazonaws.com/assets.mlh.io/events/logos/000/000/563/thumb/d9b5044191a3-100x100_mlh.png?1481826750,HackED 2017,http://hacked.compeclub.com/,1/28/17,1/29/17,"Edmonton, AB","""image"":","""logo"":","""name"":","""url"":","""startDate"":","""endDate"":",,,,,,
https://s3.amazonaws.com/assets.mlh.io/events/splashes/000/000/412/thumb/background.jpg?1471538085,https://s3.amazonaws.com/assets.mlh.io/events/logos/000/000/412/thumb/dd478f45535c-minnehack_sml_yellow.png?1471538085,MinneHack,http://minnehack.io/,1/28/17,1/29/17,"Minneapolis, MN","""image"":","""logo"":","""name"":","""url"":","""startDate"":","""endDate"":",,,,,,
https://s3.amazonaws.com/assets.mlh.io/events/splashes/000/000/551/thumb/qhacks_splash.png?1480784638,https://s3.amazonaws.com/assets.mlh.io/events/logos/000/000/551/thumb/qhacks_logo.png?1480784638,QHacks,http://qhacks.io/,2/3/17,2/5/17,"Kingston, ON","""image"":","""logo"":","""name"":","""url"":","""startDate"":","""endDate"":",,,,,,
https://s3.amazonaws.com/assets.mlh.io/events/splashes/000/000/441/thumb/e59cf3b721c3-hackatown_mtl_splash.jpeg?1473259860,https://s3.amazonaws.com/assets.mlh.io/events/logos/000/000/441/thumb/hackatown_logo_final_white.jpg?1480361515,Hackatown,https://hackatown.io/,2/4/17,2/5/17,"Montreal, QC","""image"":","""logo"":","""name"":","""url"":","""startDate"":","""endDate"":",,,,,,
https://s3.amazonaws.com/assets.mlh.io/events/splashes/000/000/593/thumb/los_altos_splash.jpg?1484690132,https://s3.amazonaws.com/assets.mlh.io/events/logos/000/000/593/thumb/los_altos_logo.png?1484690132,Los Altos Hacks II,http://www.losaltoshacks.com/,2/4/17,2/5/17,"Los Altos, CA","""image"":","""logo"":","""name"":","""url"":","""startDate"":","""endDate"":",,,,,,
https://s3.amazonaws.com/assets.mlh.io/events/splashes/000/000/552/thumb/ph1920_1080_linear-01.png?1481047072,https://s3.amazonaws.com/assets.mlh.io/events/logos/000/000/552/thumb/profhacks_logo.png?1481036401,ProfHacks,http://profhacks.com/,2/4/17,2/5/17,"Glassboro, NJ","""image"":","""logo"":","""name"":","""url"":","""startDate"":","""endDate"":",,,,,,
https://s3.amazonaws.com/assets.mlh.io/events/splashes/000/000/554/thumb/0decfb6d3b7c-share.png?1481140487,https://s3.amazonaws.com/assets.mlh.io/events/logos/000/000/554/thumb/8a1c032907c0-logo.png?1481140487,HackMerced,http://hackmerced.com,2/10/17,2/12/17,"Merced, CA","""image"":","""logo"":","""name"":","""url"":","""startDate"":","""endDate"":",,,,,,
https://s3.amazonaws.com/assets.mlh.io/events/splashes/000/000/581/thumb/steel_splash.jpg?1483633287,https://s3.amazonaws.com/assets.mlh.io/events/logos/000/000/581/thumb/steel_logo.png?1483633287,SteelHacks 2017,http://steelhacks.com/,2/10/17,2/11/17,"Pittsburgh, PA","""image"":","""logo"":","""name"":","""url"":","""startDate"":","""endDate"":",,,,,,
https://s3.amazonaws.com/assets.mlh.io/events/splashes/000/000/490/thumb/4fda8f7fb8ec-mlh_splash.jpg?1477499025,https://s3.amazonaws.com/assets.mlh.io/events/logos/000/000/490/thumb/75862f20a8ef-mlh_logo.jpg?1477499025,BrickHack,https://brickhack.io/,2/11/17,2/12/17,"Rochester, NY","""image"":","""logo"":","""name"":","""url"":","""startDate"":","""endDate"":",,,,,,
https://s3.amazonaws.com/assets.mlh.io/events/splashes/000/000/553/thumb/district_splash.png?1481043777,https://s3.amazonaws.com/assets.mlh.io/events/logos/000/000/553/thumb/district_logo.png?1481043777,Disrupt the District,http://www.disruptdc.io/,2/11/17,2/12/17,"Washington, DC","""image"":","""logo"":","""name"":","""url"":","""startDate"":","""endDate"":",,,,,,
https://s3.amazonaws.com/assets.mlh.io/events/splashes/000/000/557/thumb/e0ad3cd7e039-12715932_1102507196435951_241979435034942136_o.jpg?1481581603,https://s3.amazonaws.com/assets.mlh.io/events/logos/000/000/557/thumb/9b2f9a55a4d4-new_logo.png?1481581603,HackPoly,http://www.hackpoly.com/,2/11/17,2/12/17,"Pomona, CA","""image"":","""logo"":","""name"":","""url"":","""startDate"":","""endDate"":",,,,,,
https://s3.amazonaws.com/assets.mlh.io/events/splashes/000/000/570/thumb/15697083_10208227817994936_275320856_o.png?1482525950,https://s3.amazonaws.com/assets.mlh.io/events/logos/000/000/570/thumb/15683600_10208227818394946_247789461_n.png?1482525950,PearlHacks,http://pearlhacks.com/,2/11/17,2/12/17,"Chapel Hill, NC","""image"":","""logo"":","""name"":","""url"":","""startDate"":","""endDate"":",,,,,,
https://s3.amazonaws.com/assets.mlh.io/events/splashes/000/000/583/thumb/whack_splash.png?1483976157,https://s3.amazonaws.com/assets.mlh.io/events/logos/000/000/583/thumb/whack_logo.png?1483976157,WHACK,http://wellesleyhacks.org/,2/11/17,2/12/17,"Wellesley, MA","""image"":","""logo"":","""name"":","""url"":","""startDate"":","""endDate"":",,,,,,
https://s3.amazonaws.com/assets.mlh.io/events/splashes/000/000/531/thumb/dandyhacks.JPG?1479833331,https://s3.amazonaws.com/assets.mlh.io/events/logos/000/000/531/thumb/dandy_logo.png?1479239776,DandyHacks,http://www.dandyhacks.org/,2/17/17,2/19/17,"Rochester, NY","""image"":","""logo"":","""name"":","""url"":","""startDate"":","""endDate"":",,,,,,
https://s3.amazonaws.com/assets.mlh.io/events/splashes/000/000/480/thumb/0b027f84941b-LOGOV21300X300.png?1476117622,https://s3.amazonaws.com/assets.mlh.io/events/logos/000/000/480/thumb/ec3454f142be-logofinal100x100.png?1476117622,Hack Central,http://hackcentral.ca/,2/17/17,2/19/17,"Winnipeg, MB","""image"":","""logo"":","""name"":","""url"":","""startDate"":","""endDate"":",,,,,,
https://s3.amazonaws.com/assets.mlh.io/events/splashes/000/000/540/thumb/cewit_splash.png?1479488080,https://s3.amazonaws.com/assets.mlh.io/events/logos/000/000/540/thumb/cewit_logo.png?1479488080,[email÷protected],http://www.cewit.org/hack/,2/17/17,2/19/17,"Stony Brook, NY","""image"":","""logo"":","""name"":","""url"":","""startDate"":","""endDate"":",,,,,,
https://s3.amazonaws.com/assets.mlh.io/events/splashes/000/000/566/thumb/nyu_splash.png?1482252354,https://s3.amazonaws.com/assets.mlh.io/events/logos/000/000/566/thumb/nyu_logo.png?1482252353,HackNYU,http://hacknyu.org/,2/17/17,2/19/17,"New York, NY","""image"":","""logo"":","""name"":","""url"":","""startDate"":","""endDate"":",,,,,,
https://s3.amazonaws.com/assets.mlh.io/events/splashes/000/000/578/thumb/ysu_background.png?1483548448,https://s3.amazonaws.com/assets.mlh.io/events/logos/000/000/578/thumb/ysu_logo.png?1483547049,HackYSU,http://hackysu.com/,2/17/17,2/19/17,"Youngstown, OH","""image"":","""logo"":","""name"":","""url"":","""startDate"":","""endDate"":",,,,,,
https://s3.amazonaws.com/assets.mlh.io/events/splashes/000/000/589/thumb/hack_hers_splash.png?1484242784,https://s3.amazonaws.com/assets.mlh.io/events/logos/000/000/589/thumb/hack_hers_logo.png?1484242784,HackHERS,http://hackhers.us/,2/18/17,2/19/17,"New Brunswick, NJ","""image"":","""logo"":","""name"":","""url"":","""startDate"":","""endDate"":",,,,,,
https://s3.amazonaws.com/assets.mlh.io/events/splashes/000/000/573/thumb/jhacks_splash.jpg?1483039403,https://s3.amazonaws.com/assets.mlh.io/events/logos/000/000/573/thumb/jhacks_logo.png?1483039402,JHacks,http://jhacksumd.com/,2/18/17,2/19/17,"College Park, MD","""image"":","""logo"":","""name"":","""url"":","""startDate"":","""endDate"":",,,,,,
https://s3.amazonaws.com/assets.mlh.io/events/splashes/000/000/482/thumb/6ff4f4ecec83-Splash.png?1476474878,https://s3.amazonaws.com/assets.mlh.io/events/logos/000/000/482/thumb/c2f8a0f69e8f-DFleurH_Icon.png?1476474878,DerbyHacks,http://derbyhacks.io/,2/24/17,2/26/17,"Louisville, KY","""image"":","""logo"":","""name"":","""url"":","""startDate"":","""endDate"":",,,,,,
https://s3.amazonaws.com/assets.mlh.io/events/splashes/000/000/582/thumb/isu_splash.jpg?1483975815,https://s3.amazonaws.com/assets.mlh.io/events/logos/000/000/582/thumb/isu_logo.png?1483975814,HackISU,http://hackisu.org/,2/24/17,2/26/17,"Ames, IA","""image"":","""logo"":","""name"":","""url"":","""startDate"":","""endDate"":",,,,,,
https://s3.amazonaws.com/assets.mlh.io/events/splashes/000/000/477/thumb/e4ffb9de43fe-MLH_300x300px.png?1476111618,https://s3.amazonaws.com/assets.mlh.io/events/logos/000/000/477/thumb/1047399f7bb9-MLH_Logo_100x100.png?1476111618,Desert Hacks,http://www.deserthacks.org/,2/25/17,2/26/17,"Phoenix, AZ","""image"":","""logo"":","""name"":","""url"":","""startDate"":","""endDate"":",,,,,,
https://s3.amazonaws.com/assets.mlh.io/events/splashes/000/000/586/thumb/hackbu_splash.jpg?1484174635,https://s3.amazonaws.com/assets.mlh.io/events/logos/000/000/586/thumb/hackbu_logo.png?1484174634,HackBU,http://hackbu.org/2017s/,2/25/17,2/26/17,"Binghamton, NY","""image"":","""logo"":","""name"":","""url"":","""startDate"":","""endDate"":",,,,,,
https://s3.amazonaws.com/assets.mlh.io/events/splashes/000/000/538/thumb/t9_splash.png?1479403800,https://s3.amazonaws.com/assets.mlh.io/events/logos/000/000/538/thumb/t9_logo.png?1479403800,T9Hacks,http://www.t9hacks.org/,2/25/17,2/26/17,"Boulder, CO","""image"":","""logo"":","""name"":","""url"":","""startDate"":","""endDate"":",,,,,,
https://s3.amazonaws.com/assets.mlh.io/events/splashes/000/000/484/thumb/bda18de117a2a07ece5c6f5d9a76dcf9.jpg?1476728604,https://s3.amazonaws.com/assets.mlh.io/events/logos/000/000/484/thumb/7544a795cf92-WiCHacks_Logo.png?1476728604,WiCHacks,http://wic-hacks.rit.edu/,2/25/17,2/26/17,"Rochester, NY","""image"":","""logo"":","""name"":","""url"":","""startDate"":","""endDate"":",,,,,,
https://s3.amazonaws.com/assets.mlh.io/events/splashes/000/000/541/thumb/mlhsquare.png?1483460201,https://s3.amazonaws.com/assets.mlh.io/events/logos/000/000/541/thumb/100x100hacktech.png?1479760440,Hacktech,http://hacktech.io/,3/3/17,3/5/17,"Pasadena, CA","""image"":","""logo"":","""name"":","""url"":","""startDate"":","""endDate"":",,,,,,
https://s3.amazonaws.com/assets.mlh.io/events/splashes/000/000/533/thumb/cu_hacking_splash.jpg?1479246430,https://s3.amazonaws.com/assets.mlh.io/events/logos/000/000/533/thumb/cuhackinglogo.png?1479246429,CUHacking,http://cuhacking.com/,3/4/17,3/5/17,"Ottawa, ON","""image"":","""logo"":","""name"":","""url"":","""startDate"":","""endDate"":",,,,,,
https://s3.amazonaws.com/assets.mlh.io/events/splashes/000/000/561/thumb/potsdam_splash.jpg?1481649852,https://s3.amazonaws.com/assets.mlh.io/events/logos/000/000/561/thumb/hack_potsdam_logo.png?1481649852,Hack Potsdam,http://hackpotsdam.com/,3/4/17,3/5/17,"Potsdam, NY","""image"":","""logo"":","""name"":","""url"":","""startDate"":","""endDate"":",,,,,,
https://s3.amazonaws.com/assets.mlh.io/events/splashes/000/000/565/thumb/silicon_splash.png?1482191165,https://s3.amazonaws.com/assets.mlh.io/events/logos/000/000/565/thumb/silicon_logo.png?1482191164,SiliconHacks,http://siliconhacks.com/,3/4/17,3/5/17,"Fremont, CA","""image"":","""logo"":","""name"":","""url"":","""startDate"":","""endDate"":",,,,,,
https://s3.amazonaws.com/assets.mlh.io/events/splashes/000/000/595/thumb/3846874c8157-MLH_image_300.png?1484939646,https://s3.amazonaws.com/assets.mlh.io/events/logos/000/000/595/thumb/a6be25d028a5-SWH_logo_small.png?1484939646,SWHacks,http://swhacks.org/,3/10/17,3/12/17,"Tempe, AZ","""image"":","""logo"":","""name"":","""url"":","""startDate"":","""endDate"":",,,,,,
https://s3.amazonaws.com/assets.mlh.io/events/splashes/000/000/591/thumb/victoria_plsash.jpg?1484248864,https://s3.amazonaws.com/assets.mlh.io/events/logos/000/000/591/thumb/victoria_logo.png?1484248864,HackUVic,http://hackuvic.com/,3/11/17,3/12/17,"Victoria, BC","""image"":","""logo"":","""name"":","""url"":","""startDate"":","""endDate"":",,,,,,
https://s3.amazonaws.com/assets.mlh.io/events/splashes/000/000/580/thumb/menlosplash.png?1483552464,https://s3.amazonaws.com/assets.mlh.io/events/logos/000/000/580/thumb/menlohacks_lgoo.png?1484921921,MenloHacks II,https://menlohacks.com/,3/17/17,3/18/17,"Atherton, CA","""image"":","""logo"":","""name"":","""url"":","""startDate"":","""endDate"":",,,,,,
https://s3.amazonaws.com/assets.mlh.io/events/splashes/000/000/544/thumb/a7d0f298d8d4-nwhacks_cover_photo_ubc.jpg?1479919460,https://s3.amazonaws.com/assets.mlh.io/events/logos/000/000/544/thumb/d1b9c1713ce3-nwhacks_2017_Logo.jpg?1479919460,nwHacks,http://www.nwhacks.io,3/18/17,3/19/17,"Vancouver, BC","""image"":","""logo"":","""name"":","""url"":","""startDate"":","""endDate"":",,,,,,
https://s3.amazonaws.com/assets.mlh.io/events/splashes/000/000/572/thumb/sfhacks_splash.png?1482939595,https://s3.amazonaws.com/assets.mlh.io/events/logos/000/000/572/thumb/sfhacks_logo.png?1482939594,SF Hacks,http://sfhacks.io/,3/18/17,3/19/17,"San Francisco, CA","""image"":","""logo"":","""name"":","""url"":","""startDate"":","""endDate"":",,,,,,
https://s3.amazonaws.com/assets.mlh.io/events/splashes/000/000/534/thumb/CrimsonHacks_Splash.png?1479316557,https://s3.amazonaws.com/assets.mlh.io/events/logos/000/000/534/thumb/CrimsonHacks_Logo.png?1479316557,CrimsonHacks,http://crimsonhacks.com/,3/25/17,3/26/17,"Tuscaloosa, AL","""image"":","""logo"":","""name"":","""url"":","""startDate"":","""endDate"":",,,,,,
https://s3.amazonaws.com/assets.mlh.io/events/splashes/000/000/547/thumb/hackbca_splash.JPG?1480697758,https://s3.amazonaws.com/assets.mlh.io/events/logos/000/000/547/thumb/hackbca_logo.png?1480697758,hackBCA,http://www.hackbca.com/,3/25/17,3/26/17,"Hackensack, NJ","""image"":","""logo"":","""name"":","""url"":","""startDate"":","""endDate"":",,,,,,
https://s3.amazonaws.com/assets.mlh.io/events/splashes/000/000/558/thumb/hacktj_splash.png?1481581639,https://s3.amazonaws.com/assets.mlh.io/events/logos/000/000/558/thumb/hacktj_logo.png?1481581639,HackTJ,https://hacktj.org/,3/25/17,3/26/17,"Alexandria, VA","""image"":","""logo"":","""name"":","""url"":","""startDate"":","""endDate"":",,,,,,
https://s3.amazonaws.com/assets.mlh.io/events/splashes/000/000/546/thumb/hshacks_splash.jpg?1480545244,https://s3.amazonaws.com/assets.mlh.io/events/logos/000/000/546/thumb/hshacks_logo.png?1480545244,HSHacks,http://www.hshacks.com/,3/25/17,3/26/17,"Fremont, CA","""image"":","""logo"":","""name"":","""url"":","""startDate"":","""endDate"":",,,,,,
https://s3.amazonaws.com/assets.mlh.io/events/splashes/000/000/487/thumb/MLH_Prime_West_Coast_Background.jpg?1476909635,https://s3.amazonaws.com/assets.mlh.io/events/logos/000/000/487/thumb/MLH_Prime_West_Coast_Logo.jpg?1476909564,MLH Prime: West Coast,https://prime.mlh.io/events/west-coast-regional/,3/25/17,3/26/17,"Los Angeles, CA","""image"":","""logo"":","""name"":","""url"":","""startDate"":","""endDate"":",,,,,,
https://s3.amazonaws.com/assets.mlh.io/events/splashes/000/000/491/thumb/HEC300x300.fw.png?1477507023,https://s3.amazonaws.com/assets.mlh.io/events/logos/000/000/491/thumb/3b6b35134050-WiseHacks100x100.fw.png?1477505301,WiseHacks,http://wisehacks.swcenter.edu/,3/25/17,3/26/17,"Abingdon, VA","""image"":","""logo"":","""name"":","""url"":","""startDate"":","""endDate"":",,,,,,
https://s3.amazonaws.com/assets.mlh.io/events/splashes/000/000/569/thumb/hackgsu_splash.jpg?1482342028,https://s3.amazonaws.com/assets.mlh.io/events/logos/000/000/569/thumb/hackgsu_logo.png?1482342028,HackGSU,http://hackgsu.com/,3/31/17,4/2/17,"Atlanta, GA","""image"":","""logo"":","""name"":","""url"":","""startDate"":","""endDate"":",,,,,,
https://s3.amazonaws.com/assets.mlh.io/events/splashes/000/000/564/thumb/4bdb788fd031-Wren_Building_at_Night.png?1482077901,https://s3.amazonaws.com/assets.mlh.io/events/logos/000/000/564/thumb/3ee978658e93-tribehackslogo.png?1482077901,TribeHacks,http://www.tribehacks.com/,3/31/17,4/2/17,"Williamsburg, VA","""image"":","""logo"":","""name"":","""url"":","""startDate"":","""endDate"":",,,,,,
https://s3.amazonaws.com/assets.mlh.io/events/splashes/000/000/575/thumb/massey_background.png?1483459951,https://s3.amazonaws.com/assets.mlh.io/events/logos/000/000/575/thumb/massey_logo.png?1483459950,MasseyHacks III,https://masseyhacks.ca/,4/1/17,4/2/17,"Windsor, ON","""image"":","""logo"":","""name"":","""url"":","""startDate"":","""endDate"":",,,,,,
https://s3.amazonaws.com/assets.mlh.io/events/splashes/000/000/543/thumb/70991d078d30-hackcusplash.png?1479915080,https://s3.amazonaws.com/assets.mlh.io/events/logos/000/000/543/thumb/e23bb370eaf6-hackculogo.jpg?1479915079,HackCU III,https://2017.hackcu.org,4/8/17,4/9/17,"Boulder, CO","""image"":","""logo"":","""name"":","""url"":","""startDate"":","""endDate"":",,,,,,
https://s3.amazonaws.com/assets.mlh.io/events/splashes/000/000/592/thumb/d79e8f86a523-revUCExpo300x300.png?1484526814,https://s3.amazonaws.com/assets.mlh.io/events/logos/000/000/592/thumb/f78ea6404d5e-revUCLogo100x100.png?1484526814,RevolutionUC,https://revolutionuc.com/,4/8/17,4/9/17,"Cincinnati, OH","""image"":","""logo"":","""name"":","""url"":","""startDate"":","""endDate"":",,,,,,
https://s3.amazonaws.com/assets.mlh.io/events/splashes/000/000/579/thumb/hamp_splash.png?1483547336,https://s3.amazonaws.com/assets.mlh.io/events/logos/000/000/579/thumb/hamp_logo.png?1483547335,Hamp Hack,http://hamphack.hampshire.edu/,4/14/17,4/15/17,"Amherst, MA","""image"":","""logo"":","""name"":","""url"":","""startDate"":","""endDate"":",,,,,,
https://s3.amazonaws.com/assets.mlh.io/events/splashes/000/000/571/thumb/carlhacks_splash.png?1482860486,https://s3.amazonaws.com/assets.mlh.io/events/logos/000/000/571/thumb/carlhacks_logo.png?1482860485,CarlHacks,https://carlhacks.com/,4/15/17,4/16/17,"Northfield, MN","""image"":","""logo"":","""name"":","""url"":","""startDate"":","""endDate"":",,,,,,